[
  {
    "id": "0ea74b9c-355c-4695-8cb4-b8208d3b81ca",
    "data": [
      {
        "text": "I WANT TO INVEST IN YOUR BANK",
        "userDefined": false
      }
    ],
    "isTemplate": false,
    "count": 0,
    "lang": "en",
    "updated": 0
  },
  {
    "id": "ffe13baf-629c-4737-97d7-fe2fdcb4b274",
    "data": [
      {
        "text": "HI CAN I MEET THIS BRANCH  MANAGER",
        "userDefined": false
      }
    ],
    "isTemplate": false,
    "count": 0,
    "lang": "en",
    "updated": 0
  },
  {
    "id": "b526c60e-13c4-4795-8699-7cbff5533863",
    "data": [
      {
        "text": "HOW TO APPLY CHECK BOOK",
        "userDefined": false
      }
    ],
    "isTemplate": false,
    "count": 0,
    "lang": "en",
    "updated": 0
  },
  {
    "id": "0452e8dc-3d8f-4b2b-ac52-a200e7834b0e",
    "data": [
      {
        "text": "CAN I GET A LOCKER IN YOUR BANK",
        "userDefined": false
      }
    ],
    "isTemplate": false,
    "count": 0,
    "lang": "en",
    "updated": 0
  },
  {
    "id": "c06d2487-328c-4a0d-8a3d-4b4afb7fbb57",
    "data": [
      {
        "text": "WHAT IS THE TRANSACTION LIMIT",
        "userDefined": false
      }
    ],
    "isTemplate": false,
    "count": 0,
    "lang": "en",
    "updated": 0
  },
  {
    "id": "ab0f555f-2e9a-4672-a2fa-e17b1e8a270a",
    "data": [
      {
        "text": "CAN I UPGRADE MY TRANSACTION LIMIT",
        "userDefined": false
      }
    ],
    "isTemplate": false,
    "count": 0,
    "lang": "en",
    "updated": 0
  },
  {
    "id": "d2d1ebec-78f3-4668-b40f-af0fdb73c535",
    "data": [
      {
        "text": "WHAT IS THE MINIMUM BALANCE IN A ACCOUNT",
        "userDefined": false
      }
    ],
    "isTemplate": false,
    "count": 0,
    "lang": "en",
    "updated": 0
  },
  {
    "id": "d7ee1598-b4f8-4b1a-9ee2-e6f16665e417",
    "data": [
      {
        "text": "I WANT TO OPEN AN ACCOUNT",
        "userDefined": false
      }
    ],
    "isTemplate": false,
    "count": 0,
    "lang": "en",
    "updated": 0
  },
  {
    "id": "9c3d4bdb-192e-4255-8219-b5d41eeaeaac",
    "data": [
      {
        "text": " HOW CAN I GET A GOLD LOAN",
        "userDefined": false
      }
    ],
    "isTemplate": false,
    "count": 0,
    "lang": "en",
    "updated": 0
  },
  {
    "id": "f5f25f6d-39f9-436f-a606-3d57c2e6ce9d",
    "data": [
      {
        "text": "HOW CAN I GET A HOUSE LOAN",
        "userDefined": false
      }
    ],
    "isTemplate": false,
    "count": 0,
    "lang": "en",
    "updated": 0
  },
  {
    "id": "409a4c98-dfe8-4269-860d-56e0bd694314",
    "data": [
      {
        "text": "CAN I KNOW THE RATE OF INTREST FOR A LOAN",
        "userDefined": false
      }
    ],
    "isTemplate": false,
    "count": 0,
    "lang": "en",
    "updated": 0
  },
  {
    "id": "4e813c73-6547-4814-b938-96ed2a264645",
    "data": [
      {
        "text": "HOW TO APPLY FOR A LOAN",
        "userDefined": false
      }
    ],
    "isTemplate": false,
    "count": 0,
    "lang": "en",
    "updated": 0
  },
  {
    "id": "af0b6cfe-fde1-447f-b8fb-a45ab23fbeb3",
    "data": [
      {
        "text": "HOW TO APPLY DEBIT CARD",
        "userDefined": false
      }
    ],
    "isTemplate": false,
    "count": 0,
    "lang": "en",
    "updated": 0
  },
  {
    "id": "d57570de-d797-4e33-933b-ad63ea88bf0f",
    "data": [
      {
        "text": "CAN I KNOW THE BRANCH IFSC CODE?",
        "userDefined": false
      }
    ],
    "isTemplate": false,
    "count": 0,
    "lang": "en",
    "updated": 0
  }
]