[
  {
    "id": "7d8fa283-39ea-45fa-822c-6624216f0a8f",
    "data": [
      {
        "text": "which movie ",
        "userDefined": false
      },
      {
        "text": "first",
        "meta": "@sys.number",
        "alias": "number",
        "userDefined": false
      },
      {
        "text": " used vfx?",
        "userDefined": false
      }
    ],
    "isTemplate": false,
    "count": 0,
    "lang": "en",
    "updated": 0
  },
  {
    "id": "49ba678f-b247-4649-b3b7-e1b88ca66303",
    "data": [
      {
        "text": "father of vfx?",
        "userDefined": false
      }
    ],
    "isTemplate": false,
    "count": 0,
    "lang": "en",
    "updated": 0
  },
  {
    "id": "928cbc5a-bb1d-4f31-9828-359ca9a94e51",
    "data": [
      {
        "text": "how do i start learning vfx?",
        "userDefined": false
      }
    ],
    "isTemplate": false,
    "count": 0,
    "lang": "en",
    "updated": 0
  },
  {
    "id": "0d4dcc2c-2401-48e1-b4df-e82088c417bd",
    "data": [
      {
        "text": "which is easy animation or vfx?",
        "userDefined": false
      }
    ],
    "isTemplate": false,
    "count": 0,
    "lang": "en",
    "updated": 0
  },
  {
    "id": "278e5cc2-16ba-4208-8561-5acefd2b5308",
    "data": [
      {
        "text": "how vfx are created?",
        "userDefined": false
      }
    ],
    "isTemplate": false,
    "count": 0,
    "lang": "en",
    "updated": 0
  },
  {
    "id": "2186efef-4c32-4ec4-8ea4-3e223cee1ef0",
    "data": [
      {
        "text": "which software is used in vfx?",
        "userDefined": false
      }
    ],
    "isTemplate": false,
    "count": 0,
    "lang": "en",
    "updated": 0
  },
  {
    "id": "c6d4e639-d036-4ae1-b624-edc2f1fe6565",
    "data": [
      {
        "text": "what are vfx skills?",
        "userDefined": false
      }
    ],
    "isTemplate": false,
    "count": 0,
    "lang": "en",
    "updated": 0
  },
  {
    "id": "e04f7960-9430-4fdb-b51f-64ef95114ba3",
    "data": [
      {
        "text": "types of vfx?",
        "userDefined": false
      }
    ],
    "isTemplate": false,
    "count": 0,
    "lang": "en",
    "updated": 0
  },
  {
    "id": "48027507-293c-4151-83a8-c816ea4acd1d",
    "data": [
      {
        "text": "for what vfx is used for?",
        "userDefined": false
      }
    ],
    "isTemplate": false,
    "count": 0,
    "lang": "en",
    "updated": 0
  },
  {
    "id": "519931b3-2da9-4069-8f40-395b9e2bf083",
    "data": [
      {
        "text": "\r what are the basics of VFX?",
        "userDefined": false
      }
    ],
    "isTemplate": false,
    "count": 0,
    "lang": "en",
    "updated": 0
  }
]